Type de document;Prêts 2022;Titre;Auteur;Nombre de localisations;Nombre de prêt total;Nombre d'exemplaires
Bande dessinée jeunesse;1064;Razzia;Sobral,  Patrick;47;2938;67
Bande dessinée jeunesse;1024;Touche pas à mon veau;Guibert,  Emmanuel;45;2296;71
Bande dessinée jeunesse;1016;Max et Lili vont chez papy et mamie;Saint-Mars,  Dominique de;50;5554;103
Bande dessinée jeunesse;938;Lili veut un petit chat;Saint-Mars,  Dominique de;51;5789;80
Bande dessinée jeunesse;921;Max et Lili font du camping;Saint-Mars,  Dominique de;52;5658;83
Bande dessinée jeunesse;901;Lili trouve sa maîtresse méchante;Saint-Mars,  Dominique de;40;4694;72
Bande dessinée jeunesse;869;J'irai où tu iras;Lyfoung,  Patricia;51;4707;76
Bande dessinée jeunesse;861;Les nerfs à vif;Nob;48;2837;62
Bande dessinée jeunesse;839;Je crois que je t'aime;Lyfoung,  Patricia;52;3878;70
Bande dessinée jeunesse;799;Attention tornade;Cazenove,  Christophe;42;2366;56
Bande dessinée jeunesse;779;Max et Lili se posent des questions sur Dieu;Saint-Mars,  Dominique de;48;4823;87
Bande dessinée jeunesse;776;Game over. 13. Toxic affair;Midam;36;2652;48
Bande dessinée jeunesse;774;Les Schtroumpfs et la tempête blanche;Jost,  Alain;44;975;49
Bande dessinée jeunesse;760;On a marché sur la lune;Hergé;60;5674;87
Bande dessinée jeunesse;748;Astérix chez les Bretons;Goscinny,  René;41;3014;57
Bande dessinée jeunesse;696;Parvati;Ogaki,  Philippe;49;2616;61
Bande dessinée jeunesse;689;Les Schtroumpfs et l'arbre d'or;Culliford,  Thierry;30;3460;43
Livre adulte;686;La décision : roman;Tuil,  Karine;46;976;48
Bande dessinée adulte;679;Les cahiers d'Esther. 4. Histoires de mes 13 ans;Sattouf,  Riad;60;2171;66
Bande dessinée jeunesse;675;Salut, les zinzins !;Cohen,  Jacqueline;30;4565;50
Livre sonore jeunesse;672;L'anniversaire de Coco;Du Bouchet,  Paule;39;1769;67
Bande dessinée jeunesse;671;L'oreille cassée;Hergé;54;5578;78
Bande dessinée jeunesse;671;Allez, les monstres !;Cohen,  Jacqueline;28;3559;43
Bande dessinée jeunesse;642;Naruto. 15;Kishimoto,  Masashi;43;4147;57
Bande dessinée jeunesse;631;L'héritage;Horikoshi,  K?hei;50;1559;56
Livre jeunesse;622;Carrément claustro;Kinney,  Jeff;51;3085;65
Bande dessinée jeunesse;618;Naruto. 37;Kishimoto,  Masashi;40;3874;53
Bande dessinée jeunesse;614;Naruto. 40;Kishimoto,  Masashi;44;2952;57
Bande dessinée jeunesse;610;Iruma à l'école des démons. 1;Nishi,  Osamu;43;1204;55
Bande dessinée jeunesse;604;La dame en rouge. 2;Lyfoung,  Patricia;42;2179;51
Livre jeunesse;603;Totalement givré !;Kinney,  Jeff;50;1799;59
Bande dessinée jeunesse;599;Le retour de la momie qui pue qui tue;Midam;38;2594;45
Bande dessinée jeunesse;592;The promised Neverland. 18;Shirai,  Kaiu;52;1201;54
Bande dessinée jeunesse;585;Tomura Shigaraki : les origines;Horikoshi,  K?hei;48;1275;54
Bande dessinée jeunesse;574;Louca. 6. Confrontations;Dequier,  Bruno;43;1656;51
Livre adulte;569;Changer : méthode;Louis,  Édouard;45;748;48
Livre sonore jeunesse;569;Le pyjama de Coco;Du Bouchet,  Paule;40;1605;61
Bande dessinée jeunesse;554;Devoir surveillé;Erroc;27;3061;39
Bande dessinée jeunesse;551;Révise un max !;Zidrou;27;2911;37
Livre adulte;549;Porca miseria;Benacquista,  Tonino;45;591;46
Bande dessinée jeunesse;1336;Au pays des contes défaits;Mr Tan;51;3026;88
Bande dessinée jeunesse;1200;Max et Lili cherchent leur métier;Saint-Mars,  Dominique de;46;5181;93
Bande dessinée jeunesse;1108;Record battu !;Didier,  Anne;41;3621;70
Bande dessinée jeunesse;1043;Bisbille fait mouche;Guibert,  Emmanuel;46;3601;69
Bande dessinée jeunesse;995;Max et Lili trouvent leur cousin angoissé;Saint-Mars,  Dominique de;48;5591;95
Bande dessinée jeunesse;912;Mortebouse;Neel,  Julien;53;5663;88
Bande dessinée jeunesse;911;Max et Lili se sont perdus;Saint-Mars,  Dominique de;37;5215;72
Bande dessinée jeunesse;825;Expédition surprise;Didier,  Anne;44;1985;55
Bande dessinée adulte;785;Une jeunesse au Moyen-Orient : 1985-1987;Sattouf,  Riad;52;4031;75
Bande dessinée jeunesse;773;Very bad trip;Midam;45;3000;57
Bande dessinée jeunesse;770;Kid Paddle. 14. Serial player;Midam;42;3477;53
Bande dessinée jeunesse;724;L'école des vannes;Coppée,  Thierry;39;3078;53
Bande dessinée jeunesse;720;Merci, les monstres !;Didier,  Anne;42;3659;53
Bande dessinée jeunesse;715;Paresse;Ogaki,  Philippe;49;1081;55
Bande dessinée jeunesse;710;Tintin au pays de l'or noir;Hergé;59;4776;80
Bande dessinée ado;701;Kaiju n 8. 1;Matsumoto,  Naoya;44;769;57
Bande dessinée jeunesse;696;Boing ! Boing ! Bunk !;Midam;43;4349;57
Bande dessinée jeunesse;687;Alex est handicapé;Saint-Mars,  Dominique de;35;3333;67
Bande dessinée jeunesse;680;Lili est désordre;Saint-Mars,  Dominique de;40;3201;65
Bande dessinée jeunesse;668;L'intelligence archificelle;Guibert,  Emmanuel;47;1560;57
Bande dessinée jeunesse;665;C'est du propre !;Didier,  Anne;46;1155;52
Bande dessinée jeunesse;654;My hero academia. 12;Horikoshi,  K?hei;51;2514;62
Bande dessinée jeunesse;646;Les Schtroumpfs et le dragon du lac;Jost,  Alain;37;1766;44
Bande dessinée jeunesse;640;Profession tricheur !;Godi,  Bernard;38;2073;46
Bande dessinée jeunesse;640;The promised neverland. 3;Shirai,  Kaiu;52;2249;56
Bande dessinée jeunesse;635;Naruto. 22;Kishimoto,  Masashi;45;4143;63
Bande dessinée jeunesse;633;Le père de Max et Lili est au chômage;Saint-Mars,  Dominique de;37;4053;66
Livre jeunesse;631;Un coeur à prendre;Kinney,  Jeff;47;2466;63
Bande dessinée jeunesse;630;Le secret de la Licorne;Hergé;59;5603;84
Bande dessinée jeunesse;621;A l'attaque !;Cohen,  Jacqueline;33;4353;49
Bande dessinée jeunesse;612;Naruto. 67;Kishimoto,  Masashi;45;3185;59
Bande dessinée jeunesse;612;Frère offert !!! : cerveau non inclus;Dutto,  Olivier;37;1271;46
Bande dessinée jeunesse;609;One Piece : édition originale. 89;Oda,  Eiichir?;46;1721;55
Livre adulte;609;Leur domaine;Nesbo,  Jo;52;752;54
Bande dessinée jeunesse;598;Les secrets de l'univers;Guibert,  Emmanuel;36;2347;45
Bande dessinée jeunesse;596;The promised Neverland. 13;Shirai,  Kaiu;52;1428;54
Bande dessinée jeunesse;593;La rentrée des crasses;Coppée,  Thierry;37;2414;47
Bande dessinée jeunesse;590;Aller-retour;Abouet,  Marguerite;50;1678;62
Bande dessinée jeunesse;586;Le fils de l'aigle;Giacometti,  Xavier;47;1160;48
Bande dessinée jeunesse;568;Lâchez-moi le slip !;Zep;39;2768;59
Livre jeunesse;556;Un peu perdu;Haughton,  Chris;49;2772;87
Bande dessinée jeunesse;547;Ça sent les vacances !;Zidrou;30;1800;32
Bande dessinée jeunesse;1506;Mortelle Adèle. 4. J'aime pas l'amour;Tan;55;5365;118
Bande dessinée jeunesse;1018;Lili est fâchée avec sa copine;Saint-Mars,  Dominique de;50;6065;96
Bande dessinée jeunesse;1003;Astérix et les Normands;Goscinny,  René;56;5396;81
Bande dessinée jeunesse;1002;Sang royal;Sobral,  Patrick;48;3912;78
Bande dessinée jeunesse;979;Max et Lili en ont marre de se dépêcher;Saint-Mars,  Dominique de;45;4981;82
Bande dessinée jeunesse;930;Les cicatrices du monde;Sobral,  Patrick;44;1262;55
Bande dessinée jeunesse;863;Max et Lili veulent éduquer leurs parents;Saint-Mars,  Dominique de;43;5818;80
Bande dessinée jeunesse;837;Max ne respecte rien;Saint-Mars,  Dominique de;38;4448;70
Bande dessinée jeunesse;833;Lili veut choisir ses habits;Saint-Mars,  Dominique de;36;4533;62
Bande dessinée jeunesse;832;Le tonton de Max et Lili est en prison;Saint-Mars,  Dominique de;39;3141;62
Bande dessinée jeunesse;827;Max est racketté;Saint-Mars,  Dominique de;42;3818;71
Bande dessinée jeunesse;809;Emile et Margot. 9. Même pas peur !;Didier,  Anne;44;2438;55
Bande dessinée jeunesse;790;Lili regarde trop la télé;Saint-Mars,  Dominique de;34;3626;72
Bande dessinée jeunesse;788;Max trouve que c'est pas juste;Saint-Mars,  Dominique de;47;4552;81
Bande dessinée jeunesse;744;Les fous du mercredi;Cohen,  Jacqueline;31;5169;54
Bande dessinée adulte;743;L'Arabe du futur. 2. Une jeunesse au Moyen-Orient, 1984-1985;Sattouf,  Riad;52;4137;70
Bande dessinée jeunesse;738;Les dieux sont amour;Sobral,  Patrick;45;1136;51
Bande dessinée jeunesse;738;Max ne pense qu'au zizi;Saint-Mars,  Dominique de;36;3122;61
Bande dessinée jeunesse;720;Naruto. 6;Kishimito,  Masashi;47;4445;72
Bande dessinée jeunesse;686;Lili se trouve moche;Saint-Mars,  Dominique de;37;3954;68
Bande dessinée jeunesse;673;Sacrées sorcières;Bagieu,  Pénélope;53;1605;62
Bande dessinée jeunesse;655;Naruto. 19;Kishimoto,  Masashi;44;3858;59
Bande dessinée jeunesse;654;Poux, papous et pas papous;Cohen,  Jacqueline;28;4466;51
Livre adulte;652;Le pays des autres : roman;Slimani,  Leïla;52;1370;59
Bande dessinée jeunesse;644;Naruto. 34;Kishimoto,  Masashi;42;4395;59
Bande dessinée jeunesse;634;Le clan du requin;Gazzotti,  Bruno;51;4889;65
Bande dessinée jeunesse;617;La Schtroumpfette;Delporte,  Yvan;38;3543;49
Bande dessinée jeunesse;615;My hero academia. 30;Horikoshi,  K?hei;49;932;53
Bande dessinée jeunesse;604;Le pays divisé;Dugomier;47;1645;56
Bande dessinée jeunesse;600;Fairy Tail. 2;Mashima,  Hiro;43;3316;50
Bande dessinée jeunesse;599;Naruto. 41;Kishimoto,  Masashi;41;3299;51
Bande dessinée jeunesse;584;One Piece : édition originale. 87;Oda,  Eiichir?;47;1850;53
Bande dessinée jeunesse;581;Le seul, l'unique;Pujol,  Romain;39;1673;43
Bande dessinée jeunesse;578;The promised Neverland. 17;Shirai,  Kaiu;52;1236;54
Bande dessinée jeunesse;571;Il faut éliminer Toxine;Sfar,  Joann;36;2392;46
Bande dessinée jeunesse;556;Naruto. 45;Kishimoto,  Masashi;40;3298;51
Bande dessinée jeunesse;552;One Piece. 72. Les oubliés de Dressrosa;Oda,  Eiichiro;44;2849;51
Bande dessinée jeunesse;549;One Piece : édition originale. 81. A la rencontre de Maître Chavipère;Oda,  Eiichir?;46;2403;54
Bande dessinée jeunesse;1455;La rentrée des claques;Mr Tan;55;4332;117
Bande dessinée jeunesse;1325;La fille de Vercingétorix;Ferri,  Jean-Yves;65;3547;116
Bande dessinée jeunesse;1236;Ça va dégominer !;Didier,  Anne;48;5629;83
Bande dessinée jeunesse;1187;Max croit n'importe quoi;Saint-Mars,  Dominique de;48;1845;97
Bande dessinée jeunesse;1169;Mortelle Adèle et la galaxie des bizarres;Mr Tan;55;2655;91
Bande dessinée jeunesse;1148;Le gardien;Sobral,  Patrick;53;5308;96
Bande dessinée jeunesse;1108;World without : la bataille du néant;Sobral,  Patrick;53;3569;84
Bande dessinée jeunesse;1031;Idylles;Neel,  Julien;50;4690;79
Bande dessinée jeunesse;1006;Coeur du passé;Sobral,  Patrick;50;4462;78
Bande dessinée jeunesse;987;Je veux que tu m'aimes !;Lyfoung,  Patricia;52;5681;77
Bande dessinée jeunesse;951;Astérix et les Goths;Goscinny,  René;50;5180;79
Bande dessinée jeunesse;951;Oohiohioo !;Didier,  Anne;43;2995;68
Bande dessinée jeunesse;937;Jadina;Sobral,  Patrick;46;3367;65
Bande dessinée jeunesse;850;Star à domicile;Nob;48;2377;61
Bande dessinée jeunesse;847;Lili est amoureuse;Saint-Mars,  Dominique de;40;4362;76
Bande dessinée jeunesse;844;Asterix en Corse;Goscinny,  René;50;4976;74
Bande dessinée adulte;786;Une jeunesse au Moyen-Orient, 1978-1984;Sattouf,  Riad;52;4292;74
Bande dessinée jeunesse;772;No problemo;;43;2843;53
Bande dessinée jeunesse;759;Yuzu, la petite vétérinaire. 1;Itô,  Mingo;42;501;50
Bande dessinée jeunesse;756;Lili fait des cauchemars;Saint-Mars,  Dominique de;42;4566;68
Bande dessinée jeunesse;751;Gouzi gouzi gouzi;Midam;40;2828;51
Bande dessinée jeunesse;735;Un cow-boy dans le coton;Jul;50;1548;62
Livre jeunesse;720;Nina a été adoptée;Saint-Mars,  Dominique de;33;3957;64
Bande dessinée jeunesse;711;Le spectre de la Bastille. 2;Lyfoung,  Patricia;47;2756;57
Livre adulte;706;L'inconnue de la Seine;Musso,  Guillaume;49;940;55
Bande dessinée jeunesse;687;Astérix chez les Helvètes;Goscinny,  René;41;4104;55
Livre adulte;673;Paris-Briançon : roman;Besson,  Philippe;49;892;53
Bande dessinée jeunesse;656;My hero academia. 8. Momo Yaoyorozu : l'envol;Horikoshi,  Kohei;50;2827;58
Bande dessinée jeunesse;642;La loi du préau;Zep;45;3869;71
Livre jeunesse;636;Tut-tut !;Kasano,  Yuichi;50;1878;74
Livre jeunesse;633;Zéro réseau;Kinney,  Jeff;50;2864;62
Bande dessinée jeunesse;631;Loto et colles;Pica;28;2809;41
Bande dessinée jeunesse;630;My hero academia. 10. #All for one;Horikoshi,  K?hei;50;2486;55
Bande dessinée jeunesse;624;Ca va chauffer !;Cohen,  Jacqueline;29;4071;44
Bande dessinée jeunesse;606;Mic-Mac chez monsieur Range-Tout;Fraipont,  Céline;47;1915;52
Bande dessinée adulte;602;La zizanie;Goscinny,  René;41;3568;56
Bande dessinée adulte;599;Peau d'homme;Hubert;52;1440;54
Bande dessinée jeunesse;589;Schtroumpf vert et vert schtroumpf;Peyo;34;3533;42
Bande dessinée jeunesse;588;Naruto. 63;Kishimoto,  Masashi;45;3213;55
Livre adulte;584;La carte postale : roman;Berest,  Anne;44;1038;49
Bande dessinée jeunesse;574;L'histoire drôle;Coppée,  Thierry;36;2529;51
Bande dessinée jeunesse;572;One Piece : édition originale. 85;Oda,  Eiichir?;46;2029;57
Bande dessinée jeunesse;570;L'escalade;Dugomier;47;1858;54
Livre jeunesse;557;Joyeux anniversaire !;Nakagawa,  Chihiro;42;1342;69
Bande dessinée jeunesse;547;Pas de repos pour les héros;;37;1810;38
Bande dessinée jeunesse;1563;Mortelle Adèle. 2. L'enfer c'est les autres;Tan;51;5181;118
Bande dessinée jeunesse;1561;Tout ça finira mal;Tan;52;4839;108
Bande dessinée jeunesse;1337;Un talent monstre !;Tan;54;4202;103
Bande dessinée jeunesse;1093;Versus inferno;Sobral,  Patrick;49;4621;84
Bande dessinée jeunesse;1074;Toujours dans les pattes !;Cazenove,  Christophe;43;3837;72
Bande dessinée jeunesse;1045;Une jolie vache;Guibert,  Emmanuel;44;3339;70
Bande dessinée jeunesse;995;Lili a trop honte;Saint-Mars,  Dominique de;45;6105;92
Bande dessinée jeunesse;966;C'est dans sa nature;Cazenove,  Christophe;47;3010;73
Bande dessinée jeunesse;959;Astérix et le chaudron;Goscinny,  René;55;5099;83
Bande dessinée jeunesse;886;Le tour de Gaule d'Astérix;Goscinny,  René;50;3990;71
Bande dessinée jeunesse;879;La rose écarlate. 7. Tu seras toujours à moi;Lyfoung,  Patricia;52;4336;75
Bande dessinée jeunesse;851;Lili se fait toujours gronder;Saint-Mars,  Dominique de;43;4027;72
Bande dessinée jeunesse;824;Cocon familial;Nob;46;1163;55
Bande dessinée jeunesse;814;Game over. 6. Sound of silence;;41;3559;53
Bande dessinée jeunesse;799;Le chien de Max et Lili est mort;Saint-Mars,  Dominique de;42;4389;70
Bande dessinée jeunesse;783;Elle m'a toujours protégé;Lyfoung,  Patricia;49;2364;60
Bande dessinée jeunesse;779;Lucien n'a pas de copains;Saint-Mars,  Dominique de;39;3523;63
Bande dessinée jeunesse;758;Drôle de cirque !;Cohen,  Jacqueline;31;3898;47
Livre adulte;757;anéantir;Houellebecq,  Michel;51;991;66
Bande dessinée jeunesse;753;Lili ne veut plus se montrer toute nue;Saint-Mars,  Dominique de;34;2924;59
Bande dessinée jeunesse;722;Yuko;Sobral,  Patrick;48;2452;60
Bande dessinée jeunesse;698;L'apprenti schtroumpf;Peyo;40;4158;53
Bande dessinée jeunesse;673;Apocalypse boy;Midam;41;4027;55
Bande dessinée jeunesse;673;Fairy Tail. 1;Mashima,  Hiro;42;2766;56
Livre jeunesse;671;Un looong voyage;Kinney,  Jeff;53;3333;68
Bande dessinée jeunesse;666;Lili rêve d'être une femme;Saint-Mars,  Dominique de;33;3186;54
Bande dessinée jeunesse;662;Sardine de l'espace. 10. La reine de l'Afripe;Guibert,  Emmanuel;35;3352;49
Bande dessinée jeunesse;661;La rose écarlate : Missions. 06. La Belle et le loup. 2;Lyfoung,  Patricia;45;1805;55
Bande dessinée jeunesse;658;Le sens de la vie;Zep;43;3269;66
Bande dessinée jeunesse;643;Tremblez, carcasses !;Cohen,  Jacqueline;28;4275;50
Bande dessinée jeunesse;627;Naruto. 25;Kishimoto,  Masashi;45;4002;53
Bande dessinée jeunesse;623;Les blagues de Toto. 12. Bête de concours;Coppée,  Thierry;39;2625;50
Livre jeunesse;616;Sauve qui peut !;Kinney,  Jeff;50;2459;63
Bande dessinée jeunesse;614;Parés au décollage !;Lodwitz,  Sophie;39;1445;43
Bande dessinée jeunesse;612;My hero academia. 15. Lutte contre le destin;Horikoshi,  K?hei;46;2053;56
Bande dessinée jeunesse;602;Note to be;Erroc;36;2262;49
Bande dessinée jeunesse;600;One Piece : édition originale. 84;Oda,  Eiichir?;47;2227;53
Bande dessinée jeunesse;596;Naruto. 65;Kishimoto,  Masashi;47;3159;56
Bande dessinée jeunesse;584;Les cairns rouges;Vehlmann,  Fabien;47;4111;63
Bande dessinée jeunesse;577;Le loto des nombrils;Guibert,  Emmanuel;35;2525;46
Bande dessinée jeunesse;568;Naruto. 60;Kishimoto,  Masashi;40;3169;52
Bande dessinée jeunesse;564;Lionne;Oda,  Eiichir?;46;1728;56
Bande dessinée jeunesse;555;La terre promise;Jul;43;2449;51
Bande dessinée jeunesse;1617;Karmastrophique;Mr Tan;54;3629;115
Bande dessinée jeunesse;1383;Parents à vendre;Mr Tan;51;4103;107
Bande dessinée jeunesse;1281;Max en a marre de sa soeur;Saint-Mars,  Dominique de;48;6287;114
Bande dessinée jeunesse;1222;Trop la classe !;Didier,  Anne;49;4101;75
Bande dessinée jeunesse;1171;Max se trouve trop petit;Saint-Mars,  Dominique de;47;5796;105
Bande dessinée jeunesse;1114;Main du futur;Sobral,  Patrick;49;5854;79
Bande dessinée jeunesse;967;Lili est stressée par la rentrée;Saint-Mars,  Dominique de;46;5075;80
Bande dessinée jeunesse;942;La galère d'Obélix;Uderzo,  Albert;52;4435;71
Bande dessinée jeunesse;941;A la mode de chez nous;Cazenove;47;3922;73
Bande dessinée adulte;918;Astérix légionnaire;Goscinny,  René;49;4210;75
Bande dessinée jeunesse;918;Lili veut faire une boum;Saint-Mars,  Dominique de;41;4520;75
Bande dessinée ado;892;Ex, drague et rock'n'roll !;Dubuc,  Maryse;43;2207;60
Bande dessinée jeunesse;869;Max n'en fait qu'à sa tête;Saint-Mars,  Dominique de;43;3910;74
Bande dessinée jeunesse;862;Dad. 2. Secrets de famille;Nob;49;2774;66
Bande dessinée jeunesse;843;Ben ça, alors !;Cohen,  Jacqueline;35;5390;64
Bande dessinée jeunesse;815;Game over. 8. Cold case : affaires glacées;Midam;41;2997;53
Bande dessinée jeunesse;793;Walking blork;Midam;41;3380;50
Bande dessinée jeunesse;786;A fond le slip !;Zep;45;2966;68
Bande dessinée jeunesse;774;Yes, I can !;Patelin;42;3240;54
Livre adulte;767;La familia grande;Kouchner,  Camille;52;1745;63
Bande dessinée jeunesse;765;Tintin et les Picaros;Hergé;57;4977;83
Bande dessinée jeunesse;752;Lili découvre sa Mamie;Saint-Mars,  Dominique de;37;4841;62
Bande dessinée jeunesse;699;Sous les cahiers, la plage;Coppée,  Thierry;38;3981;56
Bande dessinée jeunesse;698;chat s'arrange pas;Mr Tan;44;2480;50
Bande dessinée jeunesse;687;Les Phoenix;Dequier,  Bruno;49;2649;64
Bande dessinée adulte;672;Le bouclier arverne;Goscinny,  René;36;2614;50
Bande dessinée jeunesse;658;La salsa des saucisses;Cohen,  Jacqueline;32;4511;53
Livre jeunesse;649;Rodrick fait sa loi;Kinney,  Jeff;52;2838;72
Bande dessinée jeunesse;647;Les Schtroumpfs de l'ordre;;29;2972;39
Bande dessinée jeunesse;630;Naruto. 68;Kishimoto,  Masashi;44;3073;57
Bande dessinée jeunesse;626;Duel de bulles;Fraipont,  Céline;45;1642;53
DVD jeunesse;623;Coco;;53;2471;63
Bande dessinée jeunesse;615;Titeuf et le derrière des choses;Zep;41;3951;58
Bande dessinée jeunesse;598;Au coeur du maelström;Vehlmann,  Fabien;50;5005;62
Bande dessinée jeunesse;587;Naruto. 12;Kishimoto,  Masashi;45;3672;58
Bande dessinée jeunesse;583;L'étrange réveil du Schtroumpf paresseux;Peyo;28;2749;39
Bande dessinée jeunesse;580;Naruto. 70;Kishimoto,  Masashi;45;3135;54
Bande dessinée jeunesse;579;Le rêve des guerriers : édition originale;Oda,  Eiichir?;47;1373;52
Bande dessinée jeunesse;574;Naruto. 39;Kishimoto,  Masashi;44;3580;52
Bande dessinée jeunesse;572;Naruto. 36;Kishimoto,  Masashi;44;3696;57
Bande dessinée jeunesse;570;L'aventure d'Oden;Oda,  Eiichir?;44;1268;49
Livre jeunesse;561;Coco et les bulles de savon;Du Bouchet,  Paule;40;1565;70
Bande dessinée jeunesse;556;La fête de Yuei;Horikoshi,  K?hei;48;1588;55
Bande dessinée jeunesse;553;Petit Poilu. 18. Superpoilu;Fraipont,  Céline;40;2233;47
Bande dessinée jeunesse;1208;Les dents du lapin;Guibert,  Emmanuel;44;4329;83
Bande dessinée jeunesse;1104;La copine de Lili est en famille d'acueil;Saint-Mars,  Dominique de;43;4389;85
Bande dessinée jeunesse;1081;Le cycle d'Anathos : renaissance;Sobral,  Patrick;51;4217;83
Bande dessinée jeunesse;1078;Max et Lili ont peur de parler en public;Saint-Mars,  Dominique de;49;3678;90
Bande dessinée jeunesse;1032;La chouette classe verte;Guibert,  Emmanuel;51;1723;76
Bande dessinée jeunesse;992;Danaël;Sobral,  Patrick;51;3219;77
Bande dessinée jeunesse;983;Les sisters. 13. Kro d'la chance !;Cazenove,  Christophe;48;2367;68
Bande dessinée jeunesse;942;Le chevalier cheval;Guibert,  Emmanuel;43;2848;69
Jeux vidéos tous publics Non prêtables;904;Console PlayStation 4;;2;2587;6
Bande dessinée jeunesse;886;Max et Lili veulent être gentils;Saint-Mars,  Dominique de;46;5349;86
Bande dessinée jeunesse;884;Premier service;Nob;46;3620;65
Bande dessinée jeunesse;883;A consommer sans modération;Nob;49;3201;63
Bande dessinée jeunesse;881;Lou !. 7. La cabane;Neel,  Julien;49;3301;73
Bande dessinée jeunesse;879;Max embête les filles;Saint-Mars,  Dominique de;39;4886;77
Bande dessinée jeunesse;878;Shimy;Sobral,  Patrick;48;1965;62
Bande dessinée jeunesse;876;Max et Lili fêtent Noël en famille;Saint-Mars,  Dominique de;44;4220;75
Bande dessinée jeunesse;872;Fukuneko, les chats du bonheur. 1;Matsuzawa,  Mari;40;839;53
Bande dessinée jeunesse;867;Elle rend le monde meilleur;Lyfoung,  Patricia;51;2502;69
Bande dessinée jeunesse;865;Kid N'Roses;Midam;51;1811;61
Bande dessinée jeunesse;838;Astérix gladiateur;Goscinny,  René;49;4552;72
Bande dessinée jeunesse;828;Le ciel lui tombe sur la tete;Uderzo,  Albert;45;4239;67
Bande dessinée jeunesse;790;Naruto. 2;Kishimoto,  Masashi;45;3891;73
Bande dessinée jeunesse;787;La rose écarlate. 12. Tu m'as ouvert les yeux;Lyfoung,  Patricia;50;2656;62
Bande dessinée jeunesse;781;Lili va chez la psy;Saint-Mars,  Dominique de;41;4925;73
Livre jeunesse;775;Les parents de Zoé divorcent;Saint-Mars,  Dominique de;39;4204;68
Bande dessinée jeunesse;763;Max est timide;Saint-Mars,  Dominique de;45;5566;81
Bande dessinée jeunesse;763;Lili a la passion du cheval;Saint-Mars,  Dominique de;39;3874;65
Bande dessinée jeunesse;751;Ils sont partout !;Didier,  Anne;39;3464;51
Bande dessinée adulte;725;Astérix et la rentrée gauloise : Goscinny et Uderzo;Goscinny,  René;37;3554;54
Bande dessinée jeunesse;710;Naruto. 9;Kishimoto,  Masashi;44;4212;65
Bande dessinée jeunesse;707;La rose écarlate. 11. Peux-tu comprendre cela ?;Lyfoung,  Patricia;51;2779;65
Bande dessinée jeunesse;699;Saint-Pétersbourg;Sobral,  Patrick;49;1832;58
Bande dessinée jeunesse;686;Lou ! Sonata. 1;Neel,  Julien;47;1564;53
Livre adulte;665;Une sortie honorable : récit;Vuillard,  Éric;48;743;50
Bande dessinée jeunesse;660;Machine à blagues;Pujol,  Romain;41;1420;44
Bande dessinée jeunesse;660;L'élève dépasse le mètre;Coppée,  Thierry;38;3358;57
Bande dessinée jeunesse;647;La menace Schtroumpf;Parthoens,  Luc;33;3834;45
Bande dessinée jeunesse;643;The promised neverland. 5;Shirai,  Kaiu;52;2098;54
Bande dessinée jeunesse;639;Les p'tits schtroumpfs;Peyo;33;2868;45
Bande dessinée jeunesse;633;Les deux terreurs;Cohen,  Jacqueline;28;3999;44
Bande dessinée jeunesse;626;Stonehenge;Sobral,  Patrick;48;1315;55
Bande dessinée jeunesse;625;Les Schtroumpfs à Pilulit;Jost,  Alain;32;2575;41
Bande dessinée jeunesse;624;My hero academia. 9. My hero;Horikoshi,  Kohei;49;2690;55
Bande dessinée jeunesse;623;Titeuf. 13. A la folie !;Zep;38;2984;53
Bande dessinée jeunesse;621;Au zoo, les zozos !;Cohen,  Jacqueline;32;3844;48
Livre jeunesse;619;Ca déménage !;Kinney,  Jeff;50;1471;56
Bande dessinée jeunesse;606;Naruto. 21;Kishimoto,  Masashi;42;3410;56
Livre jeunesse;603;Pas de bol !;Kinney,  Jeff;48;2138;59
Bande dessinée jeunesse;598;Naruto. 43;Kishimoto,  Masashi;41;3169;59
Livre adulte;590;Enfant de salaud;Chalandon,  Sorj;49;921;53
Bande dessinée jeunesse;581;Lycée Boulard;Erroc;34;1832;43
Bande dessinée jeunesse;581;La lutte des classes;Godi,  Bernard;30;3326;41
Bande dessinée jeunesse;577;Frère power !;Dutto,  Olivier;35;1364;43
Bande dessinée jeunesse;576;Une élève presque parfaite;Bloch,  Serge;45;1692;48
Bande dessinée jeunesse;575;Tintin au Congo;Hergé;47;4145;66
Bande dessinée jeunesse;572;Fairy Tail. 4;Mashima,  Hiro;41;3239;49
Bande dessinée jeunesse;568;Ma très chère soeur !;Dutto,  Olivier;33;1198;41
Livre adulte;558;Le mur des silences;Arnaldur Indriðason;50;739;52
Bande dessinée jeunesse;554;Supermarsu;Colman,  Stéphane;41;837;42
Livre adulte;553;Celle qui brûle;Hawkins,  Paula;49;708;49
Livre jeunesse;551;Et si ?;Haughton,  Chris;55;953;74
Bande dessinée jeunesse;1344;Le papyrus de César;Ferri,  Jean-Yves;60;6551;109
Bande dessinée jeunesse;943;Max se sent seul;Saint-Mars,  Dominique de;49;2254;91
Bande dessinée jeunesse;932;Les pieds dans le plat;Nob;48;1730;59
Bande dessinée jeunesse;923;Beauty trap;Midam;48;2186;62
Bande dessinée jeunesse;886;Nadia se marie;Zep;45;4633;77
Bande dessinée jeunesse;848;Bad cave;Midam;46;1951;56
Bande dessinée jeunesse;843;Dad. 1. Filles à papa;Nob;51;3552;64
Bande dessinée jeunesse;836;Game over. 9. Bomba fatale;Midam;39;3138;50
Bande dessinée jeunesse;794;Lili ne veut pas se coucher;Saint-Mars,  Dominique de;42;4644;76
Bande dessinée jeunesse;786;Souvenirs d'Ecosse. 2;Lyfoung,  Patricia;50;1812;57
Bande dessinée jeunesse;752;Lili a peur de la mort;Saint-Mars,  Dominique de;44;4245;73
Bande dessinée jeunesse;751;Rodéo Blork;Midam;40;4181;56
Bande dessinée jeunesse;747;My hero academia. 2. Déchaîne-toi, maudit nerd !;Horikoshi,  Kohei;49;3701;65
Bande dessinée jeunesse;745;Souvenirs d'Ecosse. 1;Lyfoung,  Patricia;48;1894;58
Bande dessinée jeunesse;742;Jérémy est maltraité;Saint-Mars,  Dominique de;36;4256;64
Bande dessinée jeunesse;709;Le fils d'Astérix;Uderzo,  Albert;45;3392;59
Bande dessinée jeunesse;695;Hong Kong;Ogaki,  Philippe;47;1912;55
Bande dessinée jeunesse;669;Naruto. 27;Kishimoto,  Masashi;44;3884;58
Bande dessinée jeunesse;668;Romance dawn;Oda,  Eiichiro;41;2285;59
Bande dessinée jeunesse;644;Paddle... my name is Kid Paddle;Midam;40;3838;55
Bande dessinée ado;637;Blue lock. 1;Kaneshiro,  Muneyuki;34;618;44
Bande dessinée jeunesse;626;The promised neverland. 7;Shirai,  Kaiu;53;1885;56
Livre sonore jeunesse;625;Coco à l'école;Du Bouchet,  Paule;47;1672;74
Bande dessinée jeunesse;622;L'Homo sapin;Coppée,  Thierry;41;1464;45
Bande dessinée jeunesse;612;Naruto. 72;Kishimoto,  Masashi;43;2589;59
Bande dessinée jeunesse;610;The promised Neverland. 19;Shirai,  Kaiu;52;1191;54
Livre jeunesse;604;Max va à la peche avec son père;Saint-Mars,  Dominique de;39;3416;61
Bande dessinée jeunesse;603;Le sot à ski;Coppée,  Thierry;39;3357;53
Bande dessinée jeunesse;603;Môssieur Susupe et môssieur Krokro;Guibert,  Emmanuel;36;2910;46
Bande dessinée jeunesse;577;One Piece : édition originale. 77. Smile;Oda,  Eiichir?;48;2707;56
Bande dessinée jeunesse;575;Naruto. 30;Kishimoto,  Masashi;42;3558;55
Bande dessinée jeunesse;573;Système D;Zidrou;34;2021;40
Livre jeunesse;561;Double peine;Kinney,  Jeff;48;2424;56
Bande dessinée jeunesse;561;Mon meilleur ami;Verron,  Laurent;35;4662;47
Bande dessinée adulte;559;La jeune femme et la mer;Meurisse,  Catherine;45;784;45
Bande dessinée jeunesse;554;One Piece : édition originale. 75. Ma gratitude;Oda,  Eiichir?;46;2815;57
Bande dessinée jeunesse;1339;Astérix et la Transitalique;Ferri,  Jean-Yves;65;5221;109
Bande dessinée jeunesse;1266;Sauve qui peut;Didier,  Anne;49;5015;82
Bande dessinée jeunesse;1226;Astérix chez les Pictes;Ferri,  Jean-Yves;57;5766;95
Bande dessinée jeunesse;1222;Max et Lili disent que c'est pas de leur faute;Saint-Mars,  Dominique de;50;4163;119
Bande dessinée jeunesse;1012;Quelle chouchoute !;Maury,  William;46;4395;70
Bande dessinée jeunesse;942;Max se fait insulter à la récré;Saint-Mars,  Dominique de;42;3758;77
Bande dessinée jeunesse;897;Le combat des chefs;Goscinny,  René;46;4655;66
Bande dessinée jeunesse;863;Lili a été suivie;Saint-Mars,  Dominique de;46;4170;75
Bande dessinée jeunesse;847;Lili fait sa commandante;Saint-Mars,  Dominique de;42;4187;70
Bande dessinée jeunesse;835;Marlène grignote tout le temps;Saint-Mars,  Dominique de;37;3198;63
Bande dessinée jeunesse;795;Les Schtroumpfs et la machine à rêver;Jost,  Alain;50;2479;60
Bande dessinée jeunesse;776;Petite poésie des saisons;Zep;50;2517;69
Bande dessinée jeunesse;754;Les lauriers de César;Goscinny,  René;50;4376;68
Bande dessinée jeunesse;719;Men in blork;Midam;43;2656;52
Bande dessinée jeunesse;712;Chi, une vie de chat. 1;Konami,  K.;43;4258;71
Bande dessinée jeunesse;701;Mes meilleurs copains;Zep;40;3477;63
Bande dessinée ado;699;Duel de belles;Delaf;38;2673;54
Bande dessinée jeunesse;691;Les schtroumpfs et le livre qui dit tout;Jost,  Alain;33;4299;51
Bande dessinée jeunesse;663;Si seulement...;Dequier,  Bruno;47;2766;58
Bande dessinée jeunesse;656;Naruto. 38;Kishimoto,  Masashi;44;4082;60
Bande dessinée jeunesse;649;Naruto. 28;Kishimoto,  Masashi;47;4069;60
Bande dessinée jeunesse;638;My hero academia. 13;Horikoshi,  K?hei;47;2220;53
Livre jeunesse;611;Classe touriste;Pica;30;3270;41
Bande dessinée jeunesse;607;The promised neverland. 8;Shirai,  Kaiu;50;1717;53
Bande dessinée jeunesse;600;Chi, une vie de chat. 3;Konami,  K.;43;3446;56
Bande dessinée jeunesse;598;Super zéro !;Coppée,  Thierry;39;2525;52
Bande dessinée jeunesse;597;Spy x Family. 4;End?,  Tatsuya;53;1160;55
Bande dessinée jeunesse;596;Naruto. 47;Kishimoto,  Masashi;43;3517;51
Bande dessinée jeunesse;592;Naruto. 49;Kishimoto,  Masashi;44;2815;56
Bande dessinée jeunesse;585;Punis pour le meilleur et pour le pire;Godi,  Bernard;29;2485;36
Livre jeunesse;582;Le dinosaure;;30;1794;52
Bande dessinée jeunesse;572;Naruto. 31;Kishimoto,  Masashi;42;3405;52
Bande dessinée jeunesse;561;In-cu-ra-ble !;Zidrou;33;1848;42
Bande dessinée jeunesse;556;Naruto. 46;Kishimoto,  Masashi;44;2908;51
Bande dessinée jeunesse;1583;Funky moumoute;Mr Tan;56;4807;122
Bande dessinée jeunesse;1134;Naphtaline nous dit toutou;Guibert,  Emmanuel;53;2548;81
Bande dessinée jeunesse;1118;Anatole Latuile. 6. Pas de panique !;Didier,  Anne;47;4380;79
Bande dessinée jeunesse;1110;Frères ennemis;Sobral,  Patrick;54;5768;91
Bande dessinée jeunesse;1099;Max et Lili ont du mal à se concentrer;Saint-Mars,  Dominique de;50;4616;105
Bande dessinée jeunesse;1088;Max et Lili décident de bien manger;Saint-Mars,  Dominique de;41;4584;94
Bande dessinée jeunesse;920;Deep impact;Midam;45;1386;56
Bande dessinée jeunesse;874;Lili se dispute avec son frère;Saint-Mars,  Dominique de;48;5118;78
Bande dessinée jeunesse;853;Où est Pétula ?;Guibert,  Emmanuel;37;3867;54
Bande dessinée jeunesse;850;My hero academia. 1. Izuku Midoriya : les origines;Horikoshi,  Kohei;50;3440;74
Bande dessinée jeunesse;844;Il est toujours là;Lyfoung,  Patricia;53;1768;64
Bande dessinée jeunesse;840;Le trésor de Rackham le Rouge;Hergé;60;6010;87
Bande dessinée jeunesse;821;Max veut sauver les animaux;Saint-Mars,  Dominique de;39;5190;75
Bande dessinée jeunesse;817;Cap ou pas cap ?;Cazenove,  Christophe;46;1104;59
Bande dessinée jeunesse;800;Ténébris;Sobral,  Patrick;46;2342;58
Bande dessinée jeunesse;759;La soupe aux schtroumpfs;Peyo;36;3928;52
Bande dessinée jeunesse;744;Heure de cool;Erroc;40;1641;47
Livre adulte;742;Chevreuse : roman;Modiano,  Patrick;51;873;56
Livre adulte;721;Le grand monde;Lemaitre,  Pierre;53;1199;67
Livre jeunesse;718;Ca fait suer ! : guide de survie en milieu hostile;Kinney,  Jeff;50;3329;70
Bande dessinée jeunesse;711;Les premiers de la casse;Cohen,  Jacqueline;31;4548;56
Bande dessinée jeunesse;687;Le spectre de la Bastille. 1;Lyfoung,  Patricia;44;3250;56
Bande dessinée jeunesse;680;Abracada...boum !;Cohen,  Jacqueline;31;4149;47
Bande dessinée jeunesse;677;Max décide de faire des efforts;Saint-Mars,  Dominique de;32;3644;60
Bande dessinée jeunesse;665;Waterminator;Midam;40;4192;56
Bande dessinée jeunesse;664;The promised neverland. 2;Shirai,  Kaiu;52;2340;58
Livre jeunesse;663;Bébés chouettes;Waddell,  Martin;57;3601;130
Livre adulte;655;Les enfants sont rois : roman;Vigan,  Delphine de;54;1312;57
Bande dessinée jeunesse;645;Dark, j'adore !;Midam;39;3732;51
Bande dessinée jeunesse;643;Astérix en Hispanie;Goscinny,  René;40;3826;55
Bande dessinée jeunesse;638;Les mabouls déboulent !;Cohen,  Jaqueline;28;4126;49
Bande dessinée jeunesse;636;Tintin au Tibet;Hergé;59;4886;75
Bande dessinée jeunesse;619;The promised Neverland. 14;Shirai,  Kaiu;52;1444;54
Bande dessinée ado;618;Taille adulte;Darasse,  Christian;50;2441;56
Bande dessinée jeunesse;601;One Piece : édition originale. 99. Luffy au chapeau de paille;Oda,  Eiichir?;45;877;47
Bande dessinée jeunesse;599;Comet Girl. 1;Akase,  Yuriko;40;309;50
Bande dessinée jeunesse;596;L'atelier des sorciers. 3;Shirahama,  Kamome;53;1988;56
Bande dessinée jeunesse;588;Un bazar monstre. 3;Didier,  Anne;36;2297;45
Bande dessinée jeunesse;583;Jeux de vilains;Midam;35;3992;47
Livre adulte;572;Le livre des soeurs : roman;Nothomb,  Amélie;49;1103;61
Bande dessinée jeunesse;572;Graine de champion;Dequier,  Bruno;45;2295;60
Bande dessinée jeunesse;560;One Piece : édition originale. 79. Lucy !!;Oda,  Eiichir?;47;2312;54
Bande dessinée jeunesse;558;Un prince à croquer. 2. Plat;Lyfoung,  Patricia;39;2933;49
Livre adulte;552;Gagner n'est pas jouer;Coben,  Harlan;46;628;46
Bande dessinée jeunesse;1582;Big bisous baveux;Mr Tan;53;4979;115
Bande dessinée jeunesse;1293;La fête à la grenouille;Guibert,  Emmanuel;48;4666;81
Bande dessinée jeunesse;1210;La pierre de Jovénia;Sobral,  Patrick;54;5221;107
Bande dessinée jeunesse;1039;L'Alystory;Sobral,  Patrick;50;3939;77
Bande dessinée jeunesse;992;Mon coup d'soleil, c'est toi !;Cazenove,  Christophe;46;4370;70
Jeux de société prêtable;976;SOS ouistiti :;;4;1868;5
Livre adulte;930;Premier sang : roman;Nothomb,  Amélie;49;1483;62
Bande dessinée jeunesse;923;Je serai toujours avec toi;Lyfoung,  Patricia;48;4675;70
Bande dessinée jeunesse;865;La maison de Max et Lili a été cambriolée;Saint-Mars,  Dominique de;39;3765;64
Bande dessinée jeunesse;806;C'est pas gagné !;Didier,  Anne;42;1493;52
Bande dessinée jeunesse;762;Emilie n'aime pas quand sa mère boit trop;Saint-Mars,  Dominique de;38;4001;59
Jeux de société prêtable;760;Perplexus : : original;;8;2254;8
Livre sonore jeunesse;747;Coco en vacances;Du Bouchet,  Paule;51;2160;84
Bande dessinée jeunesse;741;Lili a peur des contrôles;Saint-Mars,  Dominique de;40;3211;64
Bande dessinée adulte;738;Les cahiers d'Esther. 6. Histoires de mes 15 ans;Sattouf,  Riad;59;1425;63
Bande dessinée jeunesse;737;Naruto. 5;Kishimoto,  Masashi;46;3852;67
Bande dessinée jeunesse;732;Me pardonneras-tu ?;Lyfoung,  Patricia;50;3814;63
Bande dessinée jeunesse;728;Les 7 boules de cristal;Hergé;62;5345;88
Bande dessinée jeunesse;726;Les bijoux de la Castafiore;Hergé;54;5280;79
Bande dessinée jeunesse;702;Objectif lune;Hergé;57;4628;78
Bande dessinée jeunesse;690;Les Schtroumpfs et le Cracoucass;Peyo;40;3706;50
Livre jeunesse;683;Max et Lili aident les enfants du monde;Saint-Mars,  Dominique de;39;3496;66
Livre jeunesse;681;La vérité toute moche : grandir ou ne pas grandir, telle est la question !;Kinney,  Jeff;48;2974;66
Bande dessinée jeunesse;665;Abigail;Sobral,  Patrick;49;2148;57
Bande dessinée adulte;658;Les cahiers d'Esther. Histoires de mes 11 ans;Sattouf,  Riad;60;3304;67
Bande dessinée jeunesse;647;Louca. 2. Face à face;Dequier,  Bruno;46;2830;60
Bande dessinée jeunesse;640;One Piece : édition originale. 98;Oda,  Eiichir?;47;1028;53
Bande dessinée jeunesse;617;Naruto. 66;Kishimoto,  Masashi;44;3236;54
Livre adulte;603;Leurs enfants après eux : roman;Mathieu,  Nicolas;40;1810;54
Bande dessinée jeunesse;595;Désobéir !;Dugomier,  Vincent;46;1408;55
Bande dessinée jeunesse;588;Spy x Family. 3;End?,  Tatsuya;53;1262;57
Bande dessinée jeunesse;577;Naruto. 42;Kishimoto,  Masashi;42;3567;53
Bande dessinée jeunesse;572;Hello les amis !;Tessier,  Grégory;38;1318;41
Bande dessinée jeunesse;571;Fenetre sur cours;Pica;30;3021;41
Livre sonore jeunesse;570;Coco et le bébé;Du Bouchet,  Paule;42;1764;76
Bande dessinée jeunesse;568;Passion écologie;Tessier,  Grégory;40;1267;43
Bande dessinée jeunesse;568;Le schtroumpf financier;Parthoens,  Luc;27;2248;36
Bande dessinée jeunesse;561;One Piece : édition originale. 86. Opération régicide;Oda,  Eiichir?;46;1898;54
Bande dessinée jeunesse;558;Premières répressions;Dugomier;46;1950;52
Bande dessinée jeunesse;555;Le livre d'Hector;Chamblain,  Joris;50;2762;58
Bande dessinée jeunesse;554;Au zoo, les zozos !;Cohen,  Jacqueline;26;1431;41
Bande dessinée jeunesse;1156;Le canard calé;Guibert,  Emmanuel;47;3993;73
Bande dessinée jeunesse;1155;Max et Lili veulent se débrouiller seuls;Saint-Mars,  Dominique de;50;2080;95
Livre adulte;1083;L'anomalie;Le Tellier,  Hervé;54;2098;95
Bande dessinée jeunesse;1074;Copain comme cochon;Guibert,  Emmanuel;43;3628;71
Bande dessinée jeunesse;1060;C'est nikol crème !;Cazenove,  Christophe;44;5044;75
Bande dessinée jeunesse;1022;Juré, craché, menti !;Cazenove,  Christophe;45;2129;65
Bande dessinée jeunesse;1013;Un namour de sister;Maury,  William;46;4069;70
Bande dessinée jeunesse;1009;Le menhir d'or;Goscinny,  René;60;2217;80
Bande dessinée jeunesse;995;World without : les éveillés;Sobral,  Patrick;52;2287;74
Bande dessinée jeunesse;970;La force tranquille;Nob;50;2088;63
Bande dessinée jeunesse;968;Max veut etre délégué de classe;Saint-Mars,  Dominique de;42;4375;76
Bande dessinée jeunesse;936;Lili invite une copine en vacances;Saint-Mars,  Dominique de;45;4966;82
Bande dessinée jeunesse;909;La croisée sanglante;Sobral,  Patrick;45;1492;55
Jeux vidéos tous publics Non prêtables;821;Console Nintendo Switch;;1;1648;2
Bande dessinée jeunesse;819;Tom-Tom et l'impossible Nana;Cohen,  Jacqueline;33;5832;66
Bande dessinée jeunesse;804;Lou !. 6. L'âge de cristal;Neel,  Julien;52;3907;71
Bande dessinée jeunesse;801;Grand-père est mort;Saint-Mars,  Dominique de;46;4358;83
Bande dessinée jeunesse;793;Il me fait confiance;Lyfoung,  Patricia;51;1988;63
Jeux de société prêtable;791;Croque-carotte :;;10;1007;13
Bande dessinée jeunesse;756;Max a la passion du foot;Saint-Mars,  Dominique de;45;3133;76
Bande dessinée jeunesse;737;Rentrée des clashs;Erroc;34;1695;44
Bande dessinée jeunesse;736;Le cousin de Max et Lili se drogue;Saint-Mars,  Dominique de;38;3319;58
Bande dessinée jeunesse;695;My hero academia. 5. Shoto Todoroki : les origines;Horikoshi,  Kohei;50;3104;61
Bande dessinée adulte;695;Les cahiers d'Esther. 5. Histoires de mes 14 ans;Sattouf,  Riad;59;1717;64
Bande dessinée jeunesse;691;Le monde à l'envers;Didier,  Anne;40;2959;48
Bande dessinée jeunesse;680;Ca déménage !;Pujol,  Romain;43;1036;46
Livre adulte;675;S'adapter;Dupont-Monod,  Clara;43;1040;49
Bande dessinée jeunesse;670;L'affaire Tournesol;Hergé;55;5715;84
Bande dessinée ado;666;Pour qui tu te prends ?;Delaf;39;2439;55
Bande dessinée jeunesse;642;Carnage total;Midam;37;3566;49
Bande dessinée jeunesse;640;Le maître blagueur;Coppée,  Thierry;37;2597;51
Livre adulte;635;Feu;Pourchet,  Maria;47;892;54
Bande dessinée jeunesse;628;Naruto. 29;Kishimoto,  Masashi;43;4043;61
Bande dessinée jeunesse;623;Début des hostilités;Shirai,  Kaiu;52;1759;56
Bande dessinée jeunesse;622;The promised Neverland. 10;Shirai,  Kaiu;51;1693;56
Bande dessinée jeunesse;620;#Révisions;Horikoshi,  K?hei;49;2202;55
Bande dessinée jeunesse;597;Bill à facettes;Cazenove,  Christophe;47;1407;51
Livre sonore jeunesse;597;Le doudou de Coco : une histoire mise en musique;Du Bouchet,  Paule;47;1660;78
Bande dessinée jeunesse;596;Avarice;Ogaki,  Philippe;48;959;55
Bande dessinée jeunesse;594;Le zoo pétrifié;Chamblain,  Joris;54;2538;68
Bande dessinée jeunesse;592;La quatrième dimension et demie;Vehlmann,  Fabien;51;4833;63
Bande dessinée jeunesse;585;Le bébé schtroumpf;Peyo;29;3315;39
Bande dessinée adulte;580;Alice Guy;Bocquet,  José-Louis;47;763;50
Bande dessinée jeunesse;578;En scène !. 1;Cuvie;44;2496;54
Bande dessinée jeunesse;578;Tombés du ciel;Dugomier,  Vincent;44;1059;53
Bande dessinée jeunesse;572;Les soeurs au pouvoir !;Dutto,  Olivier;36;1022;40
Bande dessinée jeunesse;564;Les révoltés de Néosalem;Vehlmann,  Fabien;54;1485;63
Bande dessinée jeunesse;555;L'atelier des sorciers. 5;Shirahama,  Kamome;53;1360;57
Bande dessinée jeunesse;553;Premier de la classe (en commençant par la fin);Godi,  Bernard;28;2197;37
Bande dessinée jeunesse;550;Mêlée générale;Horikoshi,  K?hei;46;1381;50
Bande dessinée jeunesse;1487;Toi, je te zut !;Mr Tan;55;2901;109
Bande dessinée jeunesse;1369;Pas de pitié pour les nazebroques !;Tan;51;3763;100
Livre jeunesse;1240;Les parents de Max et Lili sont accros au portable;Saint-Mars,  Dominique de;47;3479;114
Bande dessinée jeunesse;1187;Les trois baudets;Guibert,  Emmanuel;47;3909;79
Bande dessinée jeunesse;1157;Ultra top secret !;Didier,  Anne;46;3529;70
Bande dessinée jeunesse;1089;Lili veut un téléphone portable;Saint-Mars,  Dominique de;43;5942;92
Bande dessinée jeunesse;1058;Aube et crépuscule;Sobral,  Patrick;51;4697;75
Bande dessinée jeunesse;1035;Obélix et compagnie;Goscinny,  René;53;5425;77
Bande dessinée jeunesse;995;Max et Lili veulent être populaires;Saint-Mars,  Dominique de;50;6414;89
Bande dessinée jeunesse;989;Les Légendaires. 16. L'éternité ne dure qu'un temps;Sobral,  Patrick;51;3804;85
Bande dessinée jeunesse;978;Tout pour lui plaire !;Cazenove,  Christophe;45;3287;67
Bande dessinée jeunesse;977;Le devin;Goscinny,  René;57;5837;84
Bande dessinée jeunesse;935;La grande aventure;Zep;53;1762;76
Bande dessinée jeunesse;926;Journal infime;Neel,  Julien;52;5237;88
Bande dessinée jeunesse;883;Dark web;Midam;47;2911;60
Bande dessinée jeunesse;870;Amour, gloire et corvées;Nob;48;2573;63
Musique jeunesse;862;Coco et le chaton : une histoire mise en musique;Du Bouchet,  Paule;47;1755;88
Bande dessinée jeunesse;862;L'idole des écoles !;Zidrou;46;2018;58
Livre jeunesse;861;Lili n'aime que les frites;Saint-Mars,  Dominique de;44;4334;74
Livre jeunesse;851;Max va à l'hopital;Saint-Mars,  Dominique de;43;4110;69
Bande dessinée jeunesse;842;Max et Lili sont malades;Saint-Mars,  Dominique de;37;3292;65
Bande dessinée jeunesse;781;Fatal attraction;Adam;41;3480;52
Bande dessinée jeunesse;777;Lili veut de l'argent de poche;Saint-Mars,  Dominique de;37;2997;61
Bande dessinée jeunesse;746;Chat va bien !;Mr Tan;45;2926;56
Bande dessinée jeunesse;746;J'irai voir Venise;Lyfoung,  Patricia;49;3915;61
Livre adulte;740;Numéro deux;Foenkinos,  David;49;948;52
Bande dessinée jeunesse;734;Chaperlipopette !;Mr Tan;42;1942;50
Bande dessinée ado;713;Sale temps pour les moches;Delaf;45;3281;61
Bande dessinée jeunesse;712;Oups !;Midam;40;3097;48
Bande dessinée jeunesse;688;Naruto. 8;Kishimoto,  Masashi;42;3864;62
Bande dessinée jeunesse;679;Monstres en vue;Didier,  Anne;40;2605;48
Bande dessinée jeunesse;669;Max n'aime pas perdre;Saint-Mars,  Dominique de;35;3275;60
Livre jeunesse;668;Le grand bain;Kinney,  Jeff;52;1406;59
Bande dessinée jeunesse;649;Miguel;Sobral,  Patrick;47;2089;53
Bande dessinée jeunesse;623;Couché, sale bête !;Cauvin,  Raoul;49;1348;54
Bande dessinée jeunesse;614;La nouvelle(s);Toussaint,  Kid;47;1129;53
Bande dessinée jeunesse;612;La coqueluche du village d'Ebisu;Oda,  Eiichir?;46;1449;52
Livre adulte;612;Sans passer par la case départ;Läckberg,  Camilla;47;796;48
Bande dessinée jeunesse;601;Enfermés dedans;Abouet,  Marguerite;49;1228;55
Bande dessinée jeunesse;591;Naruto. 62;Kishimoto,  Masashi;44;2502;55
Bande dessinée jeunesse;590;Appare Ranman!. 1;Apperacing;35;374;47
Bande dessinée jeunesse;588;Full métal casquette;Midam;39;2790;50
Bande dessinée jeunesse;584;Les deux géants;Dugomier;45;1890;53
Bande dessinée jeunesse;584;Un enfant chez les schtroumpfs;Díaz Vizoso,  Miguel;31;4504;43
Livre adulte;582;Monument national;Deck,  Julia;40;620;42
Bande dessinée jeunesse;582;Tchô, monde cruel;Zep;39;3591;62
Bande dessinée jeunesse;577;Naruto. 64;Kishimoto,  Masashi;45;3308;55
Bande dessinée jeunesse;560;Le dernier des cinq trésors;Chamblain,  Joris;52;3235;60
Bande dessinée ado;558;One-punch man. 1;Murata,  Yusuke;45;2722;49
Bande dessinée jeunesse;555;L'atelier des sorciers. 4;Shirahama,  Kamome;53;1696;54
Bande dessinée jeunesse;551;Super furax;Bertschy;42;1113;43
Bande dessinée jeunesse;551;Le Roi des cancres;Godi,  Bernard;29;2165;39
Bande dessinée jeunesse;1607;Prout atomique;Mr Tan;54;4810;123
Bande dessinée jeunesse;1265;La vengeance des gnomes;Didier,  Anne;48;3503;76
Bande dessinée jeunesse;1211;Max et Lili aiment trop rire;Saint-Mars,  Dominique de;49;2384;101
Bande dessinée jeunesse;1180;Astérix et le griffon;Ferri,  Jean-Yves;63;1758;97
Bande dessinée jeunesse;1105;Le coq sportif;Guibert,  Emmanuel;48;3445;75
Bande dessinée jeunesse;1089;Chat méchant;Guibert,  Emmanuel;44;3711;78
Livre jeunesse;1043;Va-t'en, grand monstre vert !;Emberley,  Ed;53;3963;120
Bande dessinée jeunesse;988;Père à tout faire;Nob;50;2231;65
Bande dessinée jeunesse;932;Les Légendaires. 19. World without : Artémus le Légendaire;Sobral,  Patrick;48;2528;68
Bande dessinée jeunesse;929;Lili se fait piéger sur internet;Saint-Mars,  Dominique de;43;4312;79
Bande dessinée jeunesse;894;Splatch !;;44;1806;56
Bande dessinée jeunesse;893;L'exode de Kalandre;Sobral,  Patrick;49;2898;69
Bande dessinée jeunesse;887;Les sisters. 10. Survitaminées !;Cazenove,  Christophe;45;2885;66
Bande dessinée jeunesse;874;Lili est malpolie;Saint-Mars,  Dominique de;38;3956;66
Bande dessinée jeunesse;856;Max ne veut pas se laver;Saint-Mars,  Dominique de;41;4075;73
Bande dessinée jeunesse;821;Max et Lili ne font pas leurs devoirs;Saint-Mars,  Dominique de;42;4962;78
Bande dessinée jeunesse;820;Game over. 7. Only for your eyes;Adam;41;3520;52
Bande dessinée adulte;810;Une jeunesse au Moyen-Orient, 1992-1994;Sattouf,  Riad;54;2009;68
Bande dessinée jeunesse;805;Max est fou de jeux vidéo;Saint-Mars,  Dominique de;43;4602;73
Bande dessinée jeunesse;803;Emilie a déménagé;Saint-Mars,  Dominique de;43;4683;72
Bande dessinée jeunesse;788;Elle est de retour;Lyfoung,  Patricia;53;1174;64
Bande dessinée jeunesse;787;Le savant fou rire;Coppée,  Thierry;47;2596;63
Livre adulte;728;La plus secrète mémoire des hommes;Sarr,  Mohamed Mbougar;48;1088;72
Bande dessinée jeunesse;723;Max est dans la lune;Saint-Mars,  Dominique de;41;4387;69
Bande dessinée jeunesse;716;Tattoo compris;Midam;50;1013;57
Livre jeunesse;714;Le petit déjeuner de la famille Souris;Iwamura,  Kazuo;45;3582;77
Bande dessinée jeunesse;708;Les Schtroumpfs et le vol des cigognes;Jost,  Alain;43;1543;47
Bande dessinée jeunesse;669;My hero academia. 3;Horikoshi,  Kohei;48;3278;60
Bande dessinée jeunesse;639;Max est maladroit;Saint-Mars,  Dominique de;39;4301;68
Bande dessinée jeunesse;633;Interdit aux monstres;Didier,  Anne;40;2366;47
Bande dessinée jeunesse;627;Ici Radio-casserole;Cohen,  Jacqueline;26;3584;41
Livre adulte;622;Miroir de nos peines : roman;Lemaitre,  Pierre;47;1446;59
Bande dessinée jeunesse;616;All it takes is one bad day;Horikoshi,  K?hei;48;1434;54
Bande dessinée jeunesse;595;Naruto. 24;Kishimoto,  Masashi;44;4219;61
Bande dessinée jeunesse;585;The promised Neverland. 11;Shirai,  Kaiu;51;1582;54
Bande dessinée jeunesse;572;One Piece. 68. Alliance entre pirates;Oda,  Eiichiro;45;3580;54
Bande dessinée adulte;565;Les strates;Bagieu,  Pénélope;45;845;48
Bande dessinée jeunesse;562;Red riot;Horikoshi,  K?hei;48;1784;56
Bande dessinée jeunesse;559;Peut mieux faire !;Godi,  Bernard;30;2907;35
Bande dessinée jeunesse;553;La grande courtisane Komurasaki;Oda,  Eiichir?;46;1398;55
Bande dessinée jeunesse;551;La cousine Manga;Guibert,  Emmanuel;33;2292;37
Bande dessinée jeunesse;550;Les âmes tigrées;Vehlmann,  Fabien;51;810;58
Bande dessinée jeunesse;1540;Jurassic mamie;Mr Tan;55;4517;124
Bande dessinée jeunesse;1515;Mortelle Adèle.  T.10 .  Choubidoulove;;54;5519;123
Bande dessinée jeunesse;1116;Max et Lili ont peur du noir;Saint-Mars,  Dominique de;50;2666;100
Bande dessinée jeunesse;989;Max et Lili ont peur des images violentes;Saint-Mars,  Dominique de;48;5408;97
Bande dessinée jeunesse;976;Le royaume des larmes;Sobral,  Patrick;47;2686;69
Bande dessinée jeunesse;937;Spy x Family. 1;End?,  Tatsuya;54;1800;77
Bande dessinée jeunesse;913;Faut pas gaspiller !;Nob;47;2740;61
Bande dessinée jeunesse;860;Un air de famille;Cazenove;48;3473;72
Bande dessinée jeunesse;825;Watergate;Midam;34;2987;44
Bande dessinée jeunesse;813;La copine de Lili a une maladie grave;Saint-Mars,  Dominique de;36;3896;64
Bande dessinée jeunesse;803;Simon a deux maisons;Saint-Mars,  Dominique de;45;4050;79
Bande dessinée jeunesse;783;Astérix chez Rahàzade : ou le compte des mille et une heures;Uderzo,  Albert;46;4059;70
Bande dessinée jeunesse;755;Ca roule !;Cohen,  Jacqueline;32;5763;63
Bande dessinée adulte;748;Le grand fossé;Uderzo,  Albert;48;4218;64
Bande dessinée jeunesse;697;Le secret de la potion magique;Astier,  Alexandre;41;2300;54
Bande dessinée adulte;693;Les cahiers d'Esther : histoire de mes 10 ans;Sattouf,  Riad;62;3846;69
Bande dessinée jeunesse;688;La Rose écarlate : missions. 3. La dame en rouge;Lyfoung,  Patricia;46;2436;55
Bande dessinée adulte;658;Les cahiers d'Esther. 3. Histoire de mes 12 ans;Sattouf,  Riad;62;2968;69
Bande dessinée jeunesse;655;L'espoir fait vivre;Dequier,  Bruno;48;2234;59
Bande dessinée jeunesse;638;Naruto. 20;Kishimoto,  Masashi;41;4383;59
Bande dessinée jeunesse;633;The promised neverland. 4;Shirai,  Kaiu;52;2124;58
Bande dessinée adulte;624;Les cigares du pharaon;Hergé;55;3760;69
Bande dessinée jeunesse;607;My hero academia. 21;Horikoshi,  K?hei;49;1481;57
Bande dessinée jeunesse;607;Slime project;Midam;36;2436;43
Livre adulte;599;Mon mari;Ventura,  Maud;43;898;47
Bande dessinée jeunesse;589;L'atelier des sorciers. 2;Shirahama,  Kamome;52;2001;55
Bande dessinée jeunesse;586;The promised Neverland. 12;Shirai,  Kaiu;52;1425;58
Bande dessinée jeunesse;585;The promised Neverland. 16;Shirai,  Kaiu;52;1358;55
Bande dessinée jeunesse;575;Ma bible;Oda,  Eiichir?;45;1173;50
Bande dessinée jeunesse;571;Ca épate les filles...;Zep;43;3362;59
Bande dessinée jeunesse;571;Secrets et manigances;Lodwitz,  Sophie;37;1945;38
Bande dessinée jeunesse;567;Naruto. 35;Kishimoto,  Masashi;44;3784;56
Bande dessinée jeunesse;563;Des premières neiges aux Perséides;Chamblain,  Joris;48;2363;55
Bande dessinée jeunesse;561;Symphonie en Bill majeur;Cazenove,  Christophe;43;2342;47
Bande dessinée jeunesse;559;Une sorcière sachant voler;Bloch,  Serge;45;1161;49
Bande dessinée jeunesse;555;Naruto. 23;"Kishimoto,  Masashi ; [traduit et adapté en français par Sébastien Bigini]";44;3732;60
Bande dessinée jeunesse;552;La fête de Yuei commence !;Horikoshi,  K?hei;49;1489;56
Bande dessinée jeunesse;549;Un copieur sachant copier;Godi,  Bernard;33;3481;39
Bande dessinée jeunesse;1242;Ce nigaud d'agneau;Guibert,  Emmanuel;48;3630;81
Bande dessinée jeunesse;1116;Un petit âne comme vous et moi;Guibert,  Emmanuel;47;4348;81
Bande dessinée jeunesse;1112;Max et Lili ont des pouvoirs magiques;Saint-Mars,  Dominique de;42;6547;96
Bande dessinée jeunesse;1057;Aïe aïe eye;Midam;49;4186;66
Bande dessinée jeunesse;1042;Les Légendaires. 15. Amour mortel;Sobral,  Patrick;52;3980;78
Bande dessinée jeunesse;986;Personne en vue !;Didier,  Anne;42;3164;67
Bande dessinée jeunesse;973;Le réveil du Kréa-Kaos;Sobral,  Patrick;50;4070;72
Bande dessinée jeunesse;959;Les légendaires : Les origines. 03. Gryfenfer;Sobral,  Patrick;48;3420;65
Bande dessinée jeunesse;929;Les goûts et les couleurs;Nob;49;3930;64
Bande dessinée jeunesse;927;Décollage immédiat !;Didier,  Anne;50;1607;72
Bande dessinée jeunesse;914;La grande traversée;Goscinny,  René;53;5783;75
Bande dessinée jeunesse;803;L'odyssée d'Astérix;Uderzo,  Albert;46;4585;65
Bande dessinée ado;800;Les nombrils. 6. Un été trop mortel !;Delaf;40;2765;57
Bande dessinée jeunesse;767;Max et Lili veulent tout tout de suite !;Saint-Mars,  Dominique de;42;3925;69
Bande dessinée jeunesse;732;La Belle et le loup. 1;Lyfoung,  Patricia;47;2327;61
Bande dessinée jeunesse;722;The promised neverland. 1;Shirai,  Kaiu;53;2488;66
Bande dessinée jeunesse;715;Max et lili sont fans de marques;Saint-Mars,  Dominique de;34;3597;61
Bande dessinée jeunesse;688;Le lotus bleu;Hergé;55;5012;79
Jeux de société prêtable;676;Dobble :;Blanchot,  Denis;29;1792;39
Bande dessinée jeunesse;670;Max a une amoureuse;Saint-Mars,  Dominique de;31;2926;52
Livre adulte;662;L'innocence et la loi;Connelly,  Michael;46;778;47
Bande dessinée ado;644;Un couple d'enfer;Delaf;41;2467;53
Bande dessinée jeunesse;643;Spy x Family. 2;End?,  Tatsuya;53;1305;56
Bande dessinée jeunesse;636;Bill se tient à Caro;Cazenove,  Christophe;49;1251;54
Bande dessinée jeunesse;624;Les Schtroumpfs et les haricots mauves;Culliford,  Thierry;37;2310;45
Bande dessinée jeunesse;620;Lulu. 7. Super classe !;Morel,  Marylise;42;1890;46
Bande dessinée jeunesse;619;Katouki Bakugo : l'envol;Horikoshi,  K?hei;48;1046;52
Bande dessinée jeunesse;616;L'atelier des sorciers. 1;Shirahama,  Kamome;54;2116;64
Livre adulte;612;Sérotonine;Houellebecq,  Michel;44;1675;58
Bande dessinée jeunesse;603;Max veut se faire des amis;Saint-Mars,  Dominique de;35;3568;60
Bande dessinée jeunesse;601;Schtroumpf-les-Bains;Culliford,  Thierry;33;3116;41
Bande dessinée jeunesse;595;Les schtroumpfs joueurs;Parthoens,  Luc;29;2816;45
Bande dessinée jeunesse;591;Naruto. 71;Kishimoto,  Masashi;45;2580;60
Bande dessinée jeunesse;590;Naruto. 26;Kishimoto,  Masashi;44;3378;59
Bande dessinée jeunesse;589;Sens dessus dessous;Gillot,  Laurence;42;1229;42
Bande dessinée jeunesse;587;L'as des pitres;Coppée,  Thierry;35;3430;47
Bande dessinée jeunesse;566;Naruto. 55;Kishimoto,  Masashi;38;2893;49
Bande dessinée jeunesse;561;Avni : Animal vraiment non identifié. 1;Pujol,  Romain;35;2096;39
Bande dessinée jeunesse;560;Les copains d'abord;Morel,  Marylise;36;1283;41
Bande dessinée jeunesse;559;On ne schtroumpfe pas le progrès;Delzenne,  Philippe;29;2627;38
Bande dessinée jeunesse;553;Un avenir radieux;Horikoshi,  K?hei;49;1815;56
Bande dessinée jeunesse;1515;Mortelle Adèle. 3. C'est pas ma faute !;Tan;53;5432;106
Bande dessinée jeunesse;1194;Ca déménage !;Didier,  Anne;50;5181;81
Bande dessinée jeunesse;1122;Les Légendaires. 14. L'héritage du mal;Sobral,  Patrick;50;3979;79
Bande dessinée jeunesse;1031;Fallait pas me chercher !;Cazenove,  Christophe;50;2255;70
Bande dessinée jeunesse;1024;Le cycle d'Anathos : la marque du destin;Sobral,  Patrick;49;4074;70
Bande dessinée jeunesse;915;C'est elle qui a commencé;Cazenove,  Christophe;42;3981;65
Bande dessinée jeunesse;884;Lili a un chagrin d'amour;Saint-Mars,  Dominique de;40;4031;80
Jeux de société prêtable;854;Uno :;;23;3136;34
Livre jeunesse;846;Lili veut protéger la nature;Saint-Mars,  Dominique de;38;4631;80
Bande dessinée jeunesse;823;Bande de sauvages !;Cohen,  Jacqueline;33;5761;60
Bande dessinée jeunesse;823;Max et Lili veulent tout savoir sur les bébés;Saint-Mars,  Dominique de;41;4249;75
Bande dessinée jeunesse;807;Lili veut etre une star;Saint-Mars,  Dominique de;36;3598;65
Bande dessinée jeunesse;794;Où es-tu ?;Lyfoung,  Patricia;50;4940;67
Bande dessinée jeunesse;792;Le cadeau de César;Goscinny,  René;47;4333;69
Livre jeunesse;781;Grosse colère;Allancé,  Mireille d';46;2642;94
Bande dessinée jeunesse;776;Tu aurais dû me laisser mourir;Lyfoung,  Patricia;51;3668;68
Bande dessinée jeunesse;764;Max se trouve nul;Saint-Mars,  Dominique de;48;4455;80
Bande dessinée jeunesse;750;Max aime les monstres;Saint-Mars,  Dominique de;36;3053;57
Livre jeunesse;746;Max est casse-cou;Saint-Mars,  Dominique de;38;3723;69
Bande dessinée jeunesse;739;Blagues to school;Coppée,  Thierry;47;1645;54
Bande dessinée jeunesse;728;Vol 714 pour Sydney;Hergé;56;4914;74
Livre adulte;725;Le serpent majuscule : roman;Lemaitre,  Pierre;52;1276;57
Livre jeunesse;693;Trop c'est trop;Kinney,  Jeff;52;2818;67
Bande dessinée jeunesse;690;Luxure;Sobral,  Patrick;49;1521;56
Bande dessinée jeunesse;686;E-sport;Dequier,  Bruno;45;1408;50
Livre adulte;684;Yoga;Carrère,  Emmanuel;52;1394;70
Bande dessinée jeunesse;665;Chandelle-sur-Trouille;Fraipont,  Céline;46;2621;57
Bande dessinée jeunesse;663;Trop, c'est trop !;Cohen,  Jacqueline;29;4504;47
Bande dessinée jeunesse;661;My hero academia. 4. Celui qui avait tout;Horikoshi,  Kohei;50;3056;58
Bande dessinée jeunesse;653;Kid Paddle. 12. Panik room;Midam;46;3847;58
Bande dessinée jeunesse;640;Sardine de l'espace. 13. Le mange-manga;Guibert,  Emmanuel;43;2840;53
Bande dessinée jeunesse;627;L'oeuf et les schtroumpfs;Peyo;35;3806;47
Bande dessinée jeunesse;624;Frémissements;Horikoshi,  Kohei;50;2881;61
Bande dessinée jeunesse;617;Max se bagarre;Saint-Mars,  Dominique de;36;3151;60
Bande dessinée jeunesse;606;Pizza tomik;Guibert,  Emmanuel;35;1918;45
Bande dessinée jeunesse;603;Naruto. 17;Kishimoto,  Masashi;43;3413;57
Bande dessinée jeunesse;593;Max et Koffi sont copains;Saint-Mars,  Dominique de;38;3267;60
Bande dessinée jeunesse;581;My hero academia. 17. Le million;Horikoshi,  K?hei;50;1903;61
Musique jeunesse;568;Coco et la confiture;Du Bouchet,  Paule;36;1551;62
Bande dessinée jeunesse;556;Mise en examen;Pica;31;2499;42
Bande dessinée jeunesse;555;Fairy Tail. 3;Mashima,  Hiro;41;3421;51
Bande dessinée jeunesse;553;Sans les mains;Cauvin,  Raoul;48;1434;50
Bande dessinée jeunesse;550;L'aéroschtroumpf;Peyo;26;2506;34
Bande dessinée jeunesse;549;Les profs. 5. Chute des cours;Pica;26;2388;34
Bande dessinée jeunesse;1273;Max et Lili veulent soigner tout le monde;Saint-Mars,  Dominique de;52;2855;106
Bande dessinée jeunesse;913;En route vers de nouvelles aventures;Neel,  Julien;53;2927;74
Bande dessinée jeunesse;812;Naruto. 4;Kishimoto,  Masashi;48;4548;70
Bande dessinée jeunesse;759;Max et Lili font les baby-sitters;Saint-Mars,  Dominique de;39;786;63
Bande dessinée jeunesse;740;Naruto. 3;Kishimoto,  Masashi;46;4159;70
Bande dessinée ado;723;Un bonheur presque parfait;Dubuc,  Maryse;41;2254;59
Bande dessinée jeunesse;717;Elle a tellement changé;Lyfoung,  Patricia;48;2470;64
Bande dessinée jeunesse;717;Envie;Sobral,  Patrick;46;1103;52
Bande dessinée jeunesse;714;Le sceptre d'Ottokar;Hergé;59;5538;82
Bande dessinée jeunesse;712;Max adore jouer;Saint-Mars,  Dominique de;38;3736;66
Bande dessinée jeunesse;693;Chaos;Ogaki,  Philippe;49;1713;58
Bande dessinée jeunesse;669;Emile et Margot. 7. Monstres en folie;Didier,  Anne;36;2320;43
Bande dessinée jeunesse;668;Coke en stock;Hergé;51;4654;75
Bande dessinée jeunesse;662;L'épreuve de farce;Coppée,  Thierry;41;3178;55
Bande dessinée jeunesse;656;C'est pô juste...;Zep;39;4105;66
Bande dessinée jeunesse;653;La grande Schtroumpfette;Jost,  Alain;34;3083;45
Livre adulte;647;L'énigme de la chambre 622 : roman;Dicker,  Joël;51;1313;62
Bande dessinée jeunesse;640;Une vie rose bonbon;Pujol,  Romain;37;1356;40
Bande dessinée jeunesse;621;Les sauveurs d'Outoupousse;Fraipont,  Céline;48;1212;54
Bande dessinée jeunesse;603;My hero academia. 7. Katsuki Bakugo : les origines;Horikoshi,  Kohei;47;2674;55
Bande dessinée jeunesse;599;Madame Minuscule;Fraipont,  Céline;42;2587;51
Bande dessinée jeunesse;595;Dispensable andouille;Bertschy;45;1791;50
Bande dessinée jeunesse;593;La terre sainte de Marie Joie;Oda,  Eiichir?;46;1729;53
Bande dessinée jeunesse;592;Platine laser;Sfar,  Joann;34;2149;48
Bande dessinée jeunesse;584;Sous un ciel d'azur;Horikoshi,  K?hei;49;1281;54
Bande dessinée jeunesse;581;Destruction massive;Horikoshi,  K?hei;48;1099;51
Bande dessinée jeunesse;578;The promised Neverland. 20;Shirai,  Kaiu;51;1092;53
Bande dessinée jeunesse;551;Un peu... beaucoup... passionnément !;Tessier,  Grégory;39;2552;42
Bande dessinée jeunesse;1213;Le roi du chahut;Didier,  Anne;44;3825;74
Bande dessinée jeunesse;1205;Et qu'ça saute !;Didier,  Anne;50;2768;74
Bande dessinée jeunesse;1146;Lili veut jouer au foot;Saint-Mars,  Dominique de;50;3434;99
Bande dessinée jeunesse;1122;Max et Lili veulent rester en vacances;Saint-Mars,  Dominique de;48;4297;109
Bande dessinée jeunesse;1076;Lili est harcelée à l'école;Saint-Mars,  Dominique de;46;5940;97
Bande dessinée jeunesse;1013;C'est parti !;Didier,  Anne;41;3589;74
Bande dessinée jeunesse;1010;En avant, mâche !;Nob;49;2351;68
Bande dessinée jeunesse;1004;Lou !. 5;Neel,  Julien;51;4939;79
Bande dessinée jeunesse;955;Max boude;Saint-Mars,  Dominique de;48;6499;99
Bande dessinée jeunesse;954;Astérix et Latraviata;Uderzo,  Albert;51;4791;80
Bande dessinée jeunesse;912;Barbecue royal;Midam;43;3372;56
Bande dessinée jeunesse;903;Je savais que je te rencontrerais;Lyfoung,  Patricia;50;4584;75
Bande dessinée jeunesse;885;Max et Lili ont volé des bonbons;Saint-Mars,  Dominique de;42;5404;76
Bande dessinée jeunesse;798;Max et Lili ont peur;Saint-Mars,  Dominique de;44;4529;81
Bande dessinée adulte;749;Une jeunesse au Moyen-Orient, 1987-1992;Sattouf,  Riad;51;2980;67
Bande dessinée jeunesse;740;Les vacances infernales;Cohen,  Jacqueline;31;5014;51
Bande dessinée jeunesse;739;Subliiiimes !;Cohen,  Jacqueline;32;5007;56
Bande dessinée adulte;737;Le jeune acteur;Sattouf,  Riad;53;1090;55
Bande dessinée jeunesse;736;L'île noire;Hergé;58;5075;74
Bande dessinée ado;712;Titeuf. 14. Bienvenue en adolescence !;Zep;39;2548;57
Bande dessinée jeunesse;709;Foutu pour foutu;Dequier,  Bruno;46;1844;55
Bande dessinée jeunesse;709;Les parents de Max et Lili se disputent;Saint-Mars,  Dominique de;37;4547;67
Bande dessinée jeunesse;703;Emile et Margot. 2. Monstrueuses bêtises !;Didier,  Anne;40;2849;52
Bande dessinée jeunesse;686;Un été à Tsurumaki;Komatsu,  Shin'ya;38;434;48
Bande dessinée jeunesse;677;Max n'aime pas lire;Saint-Mars,  Dominique de;37;3346;71
Bande dessinée jeunesse;663;Les mythics. 6. Neo;Sobral,  Patrick;49;2086;58
Bande dessinée jeunesse;658;Naruto. 11;Kishimoto,  Masashi;45;3440;65
Bande dessinée jeunesse;654;L'étoile mystérieuse;Hergé;54;5022;74
Bande dessinée jeunesse;650;Seuls. 2. Le maître des couteaux;Gazzotti,  Bruno;52;4806;68
Livre jeunesse;647;Journal d'un dégonflé. 1. Carnet de bord de Greg Heffley;Kinney,  Jeff;51;2577;70
Bande dessinée jeunesse;640;Naruto. 18;Kishimoto,  Masashi;44;4336;60
Bande dessinée jeunesse;639;Alien Chantilly;Midam;43;3974;55
Bande dessinée jeunesse;632;Amir;Ogaki,  Philippe;48;2112;54
Jeux de société;630;Quatre en ligne :;;4;1753;5
Musique jeunesse;630;Coco et son pot;Du Bouchet,  Paule;42;1486;72
Bande dessinée jeunesse;617;A bas les soucis !;Morel,  Marylise;39;1200;44
Bande dessinée jeunesse;608;Bouillir, tel est le propre du Oden;Oda,  Eiichir?;48;1309;53
Bande dessinée jeunesse;606;Tueurs à gags;Coppée,  Thierry;39;3045;51
Livre adulte;602;Regardez-nous danser;Slimani,  Leïla;54;887;60
Bande dessinée jeunesse;599;The promised neverland. 6;Shirai,  Kaiu;51;1996;52
Bande dessinée jeunesse;594;My hero academia. 11. La fin du commencement et le commencement de la fin;Horikoshi,  K?hei;49;2271;54
Livre jeunesse;590;Sur le chantier;Barton,  Byron;49;1575;98
Bande dessinée jeunesse;581;Max part en classe verte;Saint-Mars,  Dominique de;34;2875;51
Bande dessinée jeunesse;564;Increvables !;Cohen,  Jacqueline;30;4090;49
Bande dessinée jeunesse;548;The promised Neverland. 15;Shirai,  Kaiu;52;1290;56
Bande dessinée jeunesse;1660;Ça sent la croquette !;Mr Tan;54;6082;122
Bande dessinée jeunesse;1602;A la pêche aux nouilles !;Mr Tan;54;5199;117
Bande dessinée jeunesse;1559;Mortelle Adèle. 5. Poussez-vous les moches;Tan;53;4436;102
Bande dessinée jeunesse;1179;Les petits rats de l'Opéra;Guibert,  Emmanuel;43;3663;77
Bande dessinée jeunesse;1160;Ariol. 7. Le maître-chien;Guibert,  Emmanuel;45;3815;75
Bande dessinée jeunesse;1123;Supergéant !;Didier,  Anne;52;2450;74
Bande dessinée jeunesse;1004;Griffes et plumes;Sobral,  Patrick;49;4327;79
Bande dessinée jeunesse;1003;Naruto. 1;Kishimoto,  Masashi;46;4125;85
Bande dessinée jeunesse;997;La copine de Lili n'a pas de papa;Saint-Mars,  Dominique de;50;5939;100
Bande dessinée jeunesse;973;Les Légendaires. 18. La fin de l'histoire ?;Sobral,  Patrick;52;3164;74
Bande dessinée jeunesse;973;Le domaine des dieux;Goscinny,  René;54;5750;83
Bande dessinée jeunesse;903;Astérix aux Jeux Olympiques;Goscinny,  René;53;5224;79
Bande dessinée jeunesse;866;Max fait pipi au lit;Saint-Mars,  Dominique de;39;3280;69
Bande dessinée jeunesse;816;"Max raconte des bobards""""";Saint-Mars,  Dominique de;45;4225;74
Bande dessinée jeunesse;774;Max n'aime pas l'école;Saint-Mars,  Dominique de;42;5552;91
Bande dessinée jeunesse;763;Attention, école !;Zidrou;45;2003;54
Bande dessinée ado;750;Les nombrils. 3. Les liens de l'amitié;Delaf;40;2635;59
Bande dessinée jeunesse;735;Lili part en camp de vacances;Saint-Mars,  Dominique de;36;3313;60
Bande dessinée jeunesse;680;Devoirs citoyens;Coppée,  Thierry;44;2712;59
Bande dessinée jeunesse;661;Les Schtroumpfs et l'amour sorcier;Jost,  Alain;32;2288;38
Livre adulte;657;Nom;Debré,  Constance;50;883;50
Bande dessinée jeunesse;654;L'amour, c'est pô propre...;Zep;40;3850;63
Bande dessinée jeunesse;642;Naruto. 13;Kishimoto,  Masashi;46;3984;62
Livre adulte;622;Le jeune homme;Ernaux,  Annie;52;1148;62
Bande dessinée jeunesse;621;Le miracle de la vie;Zep;45;3736;63
Bande dessinée jeunesse;615;Docteur schtroumpf;Parthoens,  Luc;31;3167;41
Bande dessinée jeunesse;606;Et que ça saute !;Cohen,  Jacqueline;27;3498;43
Livre adulte;583;Connemara : roman;Mathieu,  Nicolas;54;989;62
Bande dessinée jeunesse;583;Les terres basses;Vehlmann,  Fabien;52;4577;68
Bande dessinée jeunesse;572;Aventure au pays des samouraïs;Oda,  Eiichir?;48;1511;54
Bande dessinée jeunesse;566;Yakari et la tueuse des mers;Job;43;3677;47
Bande dessinée jeunesse;555;Naruto. 59;Kishimoto,  Masashi;44;2735;53
Bande dessinée jeunesse;554;La famille avant tout;Morel,  Marylise;39;2285;44
Livre jeunesse;549;La prophétie;Sutherland,  T. T.;48;1799;62
